model,dataset,turn,is_correct,memory_mb
LanceDB,synthetic_world_state.csv,1,True,249.234375
LanceDB,synthetic_world_state.csv,2,True,251.4765625
LanceDB,synthetic_world_state.csv,3,True,252.09375
LanceDB,synthetic_world_state.csv,4,True,252.46875
LanceDB,synthetic_world_state.csv,5,True,253.50390625
LanceDB,synthetic_world_state.csv,6,True,253.7578125
LanceDB,synthetic_world_state.csv,7,True,253.82421875
LanceDB,synthetic_world_state.csv,8,True,254.2578125
LanceDB,synthetic_world_state.csv,9,True,254.3984375
LanceDB,synthetic_world_state.csv,10,True,254.765625
LanceDB,synthetic_world_state.csv,11,True,254.87890625
LanceDB,synthetic_world_state.csv,12,True,255.08203125
LanceDB,synthetic_world_state.csv,13,True,255.09765625
LanceDB,synthetic_world_state.csv,14,True,255.484375
LanceDB,synthetic_world_state.csv,15,True,255.62890625
LanceDB,synthetic_world_state.csv,16,True,255.8125
LanceDB,synthetic_world_state.csv,17,True,255.8984375
LanceDB,synthetic_world_state.csv,18,True,256.10546875
LanceDB,synthetic_world_state.csv,19,True,257.7734375
LanceDB,synthetic_world_state.csv,20,True,258.06640625
LanceDB,synthetic_world_state.csv,21,True,258.2578125
LanceDB,synthetic_world_state.csv,22,True,258.609375
LanceDB,synthetic_world_state.csv,23,True,258.67578125
LanceDB,synthetic_world_state.csv,24,True,258.8203125
LanceDB,synthetic_world_state.csv,25,True,258.92578125
LanceDB,synthetic_world_state.csv,26,True,259.0234375
LanceDB,synthetic_world_state.csv,27,True,259.0703125
LanceDB,synthetic_world_state.csv,28,True,259.1640625
LanceDB,synthetic_world_state.csv,29,True,259.33984375
LanceDB,synthetic_world_state.csv,30,True,259.6640625
LanceDB,synthetic_world_state.csv,31,True,259.8203125
LanceDB,synthetic_world_state.csv,32,True,260.1015625
LanceDB,synthetic_world_state.csv,33,True,260.703125
LanceDB,synthetic_world_state.csv,34,True,260.8125
LanceDB,synthetic_world_state.csv,35,True,260.91015625
LanceDB,synthetic_world_state.csv,36,True,261.078125
LanceDB,synthetic_world_state.csv,37,True,261.06640625
LanceDB,synthetic_world_state.csv,38,True,261.15625
LanceDB,synthetic_world_state.csv,39,True,261.234375
LanceDB,synthetic_world_state.csv,40,True,261.5234375
LanceDB,synthetic_world_state.csv,41,True,261.60546875
LanceDB,synthetic_world_state.csv,42,True,261.72265625
LanceDB,synthetic_world_state.csv,43,True,261.734375
LanceDB,synthetic_world_state.csv,44,True,262.19140625
LanceDB,synthetic_world_state.csv,45,True,262.52734375
LanceDB,synthetic_world_state.csv,46,True,262.67578125
LanceDB,synthetic_world_state.csv,47,True,262.7109375
LanceDB,synthetic_world_state.csv,48,True,263.0
LanceDB,synthetic_world_state.csv,49,True,263.0625
LanceDB,synthetic_world_state.csv,50,True,263.2265625
LanceDB,synthetic_world_state.csv,51,True,263.38671875
LanceDB,synthetic_world_state.csv,52,True,263.43359375
LanceDB,synthetic_world_state.csv,53,True,263.82421875
LanceDB,synthetic_world_state.csv,54,True,263.9296875
LanceDB,synthetic_world_state.csv,55,True,264.0546875
LanceDB,synthetic_world_state.csv,56,True,264.359375
LanceDB,synthetic_world_state.csv,57,True,264.64453125
LanceDB,synthetic_world_state.csv,58,True,264.81640625
LanceDB,synthetic_world_state.csv,59,True,264.890625
LanceDB,synthetic_world_state.csv,60,True,265.21484375
LanceDB,synthetic_world_state.csv,61,True,265.4453125
LanceDB,synthetic_world_state.csv,62,True,265.5234375
LanceDB,synthetic_world_state.csv,63,True,265.7734375
LanceDB,synthetic_world_state.csv,64,True,265.87890625
LanceDB,synthetic_world_state.csv,65,True,266.02734375
LanceDB,synthetic_world_state.csv,66,True,266.17578125
LanceDB,synthetic_world_state.csv,67,True,266.234375
LanceDB,synthetic_world_state.csv,68,True,266.51171875
LanceDB,synthetic_world_state.csv,69,True,266.65625
LanceDB,synthetic_world_state.csv,70,True,266.78125
LanceDB,synthetic_world_state.csv,71,True,267.00390625
LanceDB,synthetic_world_state.csv,72,True,267.30859375
LanceDB,synthetic_world_state.csv,73,True,267.3984375
LanceDB,synthetic_world_state.csv,74,True,267.4921875
LanceDB,synthetic_world_state.csv,75,True,267.5
LanceDB,synthetic_world_state.csv,76,True,267.66796875
LanceDB,synthetic_world_state.csv,77,True,267.9765625
LanceDB,synthetic_world_state.csv,78,True,268.109375
LanceDB,synthetic_world_state.csv,79,True,268.2890625
LanceDB,synthetic_world_state.csv,80,True,268.4765625
LanceDB,synthetic_world_state.csv,81,True,268.609375
LanceDB,synthetic_world_state.csv,82,True,268.91015625
LanceDB,synthetic_world_state.csv,83,True,269.2421875
LanceDB,synthetic_world_state.csv,84,True,269.28125
LanceDB,synthetic_world_state.csv,85,True,269.37890625
LanceDB,synthetic_world_state.csv,86,True,269.46875
LanceDB,synthetic_world_state.csv,87,True,269.5546875
LanceDB,synthetic_world_state.csv,88,True,269.625
LanceDB,synthetic_world_state.csv,89,True,270.1875
LanceDB,synthetic_world_state.csv,90,True,270.1953125
LanceDB,synthetic_world_state.csv,91,True,270.671875
LanceDB,synthetic_world_state.csv,92,True,270.9296875
LanceDB,synthetic_world_state.csv,93,False,270.984375
LanceDB,synthetic_world_state.csv,94,False,271.12109375
LanceDB,synthetic_world_state.csv,95,False,271.3671875
LanceDB,synthetic_world_state.csv,96,False,271.421875
LanceDB,synthetic_world_state.csv,97,False,271.4921875
LanceDB,synthetic_world_state.csv,98,False,271.5390625
LanceDB,synthetic_world_state.csv,99,False,271.9296875
LanceDB,synthetic_world_state.csv,100,False,272.0390625
LanceDB,synthetic_world_state.csv,101,False,272.3671875
LanceDB,synthetic_world_state.csv,102,False,272.46875
LanceDB,synthetic_world_state.csv,103,False,272.9453125
LanceDB,synthetic_world_state.csv,104,False,273.3359375
LanceDB,synthetic_world_state.csv,105,False,273.5859375
LanceDB,synthetic_world_state.csv,106,False,273.98828125
LanceDB,synthetic_world_state.csv,107,False,274.15234375
LanceDB,synthetic_world_state.csv,108,False,274.1640625
LanceDB,synthetic_world_state.csv,109,False,274.38671875
LanceDB,synthetic_world_state.csv,110,False,274.53125
LanceDB,synthetic_world_state.csv,111,False,274.59375
LanceDB,synthetic_world_state.csv,112,False,274.6875
LanceDB,synthetic_world_state.csv,113,False,274.71875
LanceDB,synthetic_world_state.csv,114,False,274.8671875
LanceDB,synthetic_world_state.csv,115,False,274.8984375
LanceDB,synthetic_world_state.csv,116,False,275.1796875
LanceDB,synthetic_world_state.csv,117,False,275.2890625
LanceDB,synthetic_world_state.csv,118,False,275.35546875
LanceDB,synthetic_world_state.csv,119,False,275.40625
LanceDB,synthetic_world_state.csv,120,False,275.4296875
LanceDB,synthetic_world_state.csv,121,False,275.9296875
LanceDB,synthetic_world_state.csv,122,False,276.21875
LanceDB,synthetic_world_state.csv,123,False,276.46875
LanceDB,synthetic_world_state.csv,124,False,276.5390625
LanceDB,synthetic_world_state.csv,125,False,276.86328125
LanceDB,synthetic_world_state.csv,126,False,277.171875
LanceDB,synthetic_world_state.csv,127,False,277.2421875
LanceDB,synthetic_world_state.csv,128,False,277.53515625
LanceDB,synthetic_world_state.csv,129,False,277.79296875
LanceDB,synthetic_world_state.csv,130,False,277.86328125
LanceDB,synthetic_world_state.csv,131,False,277.87890625
LanceDB,synthetic_world_state.csv,132,False,278.34765625
LanceDB,synthetic_world_state.csv,133,False,278.86328125
LanceDB,synthetic_world_state.csv,134,False,279.1953125
LanceDB,synthetic_world_state.csv,135,False,279.34765625
LanceDB,synthetic_world_state.csv,136,False,279.36328125
LanceDB,synthetic_world_state.csv,137,False,279.73828125
LanceDB,synthetic_world_state.csv,138,False,279.76171875
LanceDB,synthetic_world_state.csv,139,False,280.01953125
LanceDB,synthetic_world_state.csv,140,False,280.56640625
LanceDB,synthetic_world_state.csv,141,False,280.8125
LanceDB,synthetic_world_state.csv,142,False,281.1484375
LanceDB,synthetic_world_state.csv,143,False,281.46875
LanceDB,synthetic_world_state.csv,144,False,281.59375
LanceDB,synthetic_world_state.csv,145,False,281.8046875
LanceDB,synthetic_world_state.csv,146,False,282.10546875
LanceDB,synthetic_world_state.csv,147,False,282.10546875
LanceDB,synthetic_world_state.csv,148,False,282.28515625
LanceDB,synthetic_world_state.csv,149,False,282.296875
LanceDB,synthetic_world_state.csv,150,False,282.35546875
LanceDB,synthetic_world_state.csv,151,False,282.9375
LanceDB,synthetic_world_state.csv,152,False,282.9453125
LanceDB,synthetic_world_state.csv,153,False,282.94921875
LanceDB,synthetic_world_state.csv,154,False,283.22265625
LanceDB,synthetic_world_state.csv,155,False,283.48828125
LanceDB,synthetic_world_state.csv,156,False,283.76953125
LanceDB,synthetic_world_state.csv,157,False,284.0546875
LanceDB,synthetic_world_state.csv,158,False,284.4296875
LanceDB,synthetic_world_state.csv,159,False,284.578125
LanceDB,synthetic_world_state.csv,160,False,284.62109375
LanceDB,synthetic_world_state.csv,161,False,284.984375
LanceDB,synthetic_world_state.csv,162,False,285.23828125
LanceDB,synthetic_world_state.csv,163,False,285.90234375
LanceDB,synthetic_world_state.csv,164,False,285.9453125
LanceDB,synthetic_world_state.csv,165,False,285.94921875
LanceDB,synthetic_world_state.csv,166,False,286.2109375
LanceDB,synthetic_world_state.csv,167,False,286.26171875
LanceDB,synthetic_world_state.csv,168,False,286.5234375
LanceDB,synthetic_world_state.csv,169,False,286.90625
LanceDB,synthetic_world_state.csv,170,False,286.953125
LanceDB,synthetic_world_state.csv,171,False,286.95703125
LanceDB,synthetic_world_state.csv,172,False,287.13671875
LanceDB,synthetic_world_state.csv,173,False,287.15234375
LanceDB,synthetic_world_state.csv,174,False,287.15625
LanceDB,synthetic_world_state.csv,175,False,287.30078125
LanceDB,synthetic_world_state.csv,176,False,287.52734375
LanceDB,synthetic_world_state.csv,177,False,287.92578125
LanceDB,synthetic_world_state.csv,178,False,288.53515625
LanceDB,synthetic_world_state.csv,179,False,288.69140625
LanceDB,synthetic_world_state.csv,180,False,289.2109375
LanceDB,synthetic_world_state.csv,181,False,289.32421875
LanceDB,synthetic_world_state.csv,182,False,289.4296875
LanceDB,synthetic_world_state.csv,183,False,289.76171875
LanceDB,synthetic_world_state.csv,184,False,289.87890625
LanceDB,synthetic_world_state.csv,185,False,290.125
LanceDB,synthetic_world_state.csv,186,False,290.3046875
LanceDB,synthetic_world_state.csv,187,False,290.41015625
LanceDB,synthetic_world_state.csv,188,False,291.0078125
LanceDB,synthetic_world_state.csv,189,False,291.22265625
LanceDB,synthetic_world_state.csv,190,False,291.765625
LanceDB,synthetic_world_state.csv,191,False,291.8046875
LanceDB,synthetic_world_state.csv,192,False,292.578125
LanceDB,synthetic_world_state.csv,193,False,292.59765625
LanceDB,synthetic_world_state.csv,194,False,292.63671875
LanceDB,synthetic_world_state.csv,195,False,292.65625
LanceDB,synthetic_world_state.csv,196,False,292.87109375
LanceDB,synthetic_world_state.csv,197,False,293.15625
LanceDB,synthetic_world_state.csv,198,False,293.421875
LanceDB,synthetic_world_state.csv,199,False,293.46484375
LanceDB,synthetic_world_state.csv,200,False,293.51953125
LanceDB,synthetic_world_state.csv,201,False,293.625
LanceDB,synthetic_world_state.csv,202,False,293.625
LanceDB,synthetic_world_state.csv,203,False,293.69140625
LanceDB,synthetic_world_state.csv,204,False,293.703125
LanceDB,synthetic_world_state.csv,205,False,293.703125
LanceDB,synthetic_world_state.csv,206,False,294.1171875
LanceDB,synthetic_world_state.csv,207,False,294.16015625
LanceDB,synthetic_world_state.csv,208,False,294.3671875
LanceDB,synthetic_world_state.csv,209,False,294.62109375
LanceDB,synthetic_world_state.csv,210,False,294.8828125
LanceDB,synthetic_world_state.csv,211,False,294.90625
LanceDB,synthetic_world_state.csv,212,False,294.96875
LanceDB,synthetic_world_state.csv,213,False,295.890625
LanceDB,synthetic_world_state.csv,214,False,295.92578125
LanceDB,synthetic_world_state.csv,215,False,296.609375
LanceDB,synthetic_world_state.csv,216,False,296.6640625
LanceDB,synthetic_world_state.csv,217,False,296.6875
LanceDB,synthetic_world_state.csv,218,False,296.7734375
LanceDB,synthetic_world_state.csv,219,False,296.80859375
LanceDB,synthetic_world_state.csv,220,False,296.828125
LanceDB,synthetic_world_state.csv,221,False,297.21875
LanceDB,synthetic_world_state.csv,222,False,297.2734375
LanceDB,synthetic_world_state.csv,223,False,297.28125
LanceDB,synthetic_world_state.csv,224,False,297.765625
LanceDB,synthetic_world_state.csv,225,False,298.015625
LanceDB,synthetic_world_state.csv,226,False,298.55078125
LanceDB,synthetic_world_state.csv,227,False,298.7734375
LanceDB,synthetic_world_state.csv,228,False,299.50390625
LanceDB,synthetic_world_state.csv,229,False,299.5390625
LanceDB,synthetic_world_state.csv,230,False,299.765625
LanceDB,synthetic_world_state.csv,231,False,300.48828125
LanceDB,synthetic_world_state.csv,232,False,300.84375
LanceDB,synthetic_world_state.csv,233,False,301.5859375
LanceDB,synthetic_world_state.csv,234,False,302.359375
LanceDB,synthetic_world_state.csv,235,False,302.3828125
LanceDB,synthetic_world_state.csv,236,False,302.9296875
LanceDB,synthetic_world_state.csv,237,False,302.93359375
LanceDB,synthetic_world_state.csv,238,False,303.0234375
LanceDB,synthetic_world_state.csv,239,False,303.53125
LanceDB,synthetic_world_state.csv,240,False,303.53515625
LanceDB,synthetic_world_state.csv,241,False,304.078125
LanceDB,synthetic_world_state.csv,242,False,304.1953125
LanceDB,synthetic_world_state.csv,243,False,304.33984375
LanceDB,synthetic_world_state.csv,244,False,304.6328125
LanceDB,synthetic_world_state.csv,245,False,304.6328125
LanceDB,synthetic_world_state.csv,246,False,304.83203125
LanceDB,synthetic_world_state.csv,247,False,304.8359375
LanceDB,synthetic_world_state.csv,248,False,304.84375
LanceDB,synthetic_world_state.csv,249,False,304.90234375
LanceDB,synthetic_world_state.csv,250,False,304.91796875
LanceDB,synthetic_world_state.csv,251,False,304.96484375
LanceDB,synthetic_world_state.csv,252,False,305.515625
LanceDB,synthetic_world_state.csv,253,False,305.5390625
LanceDB,synthetic_world_state.csv,254,False,306.36328125
LanceDB,synthetic_world_state.csv,255,False,306.41796875
LanceDB,synthetic_world_state.csv,256,False,306.68359375
LanceDB,synthetic_world_state.csv,257,False,306.68359375
LanceDB,synthetic_world_state.csv,258,False,306.8671875
LanceDB,synthetic_world_state.csv,259,False,307.73046875
LanceDB,synthetic_world_state.csv,260,False,308.25
LanceDB,synthetic_world_state.csv,261,False,308.2578125
LanceDB,synthetic_world_state.csv,262,False,309.1171875
LanceDB,synthetic_world_state.csv,263,False,309.1171875
LanceDB,synthetic_world_state.csv,264,False,309.12890625
LanceDB,synthetic_world_state.csv,265,False,309.703125
LanceDB,synthetic_world_state.csv,266,False,310.0390625
LanceDB,synthetic_world_state.csv,267,False,310.1015625
LanceDB,synthetic_world_state.csv,268,False,310.21875
LanceDB,synthetic_world_state.csv,269,False,310.37109375
LanceDB,synthetic_world_state.csv,270,False,310.41796875
LanceDB,synthetic_world_state.csv,271,False,310.7578125
LanceDB,synthetic_world_state.csv,272,False,310.8125
LanceDB,synthetic_world_state.csv,273,False,310.93359375
LanceDB,synthetic_world_state.csv,274,False,311.82421875
LanceDB,synthetic_world_state.csv,275,False,312.19140625
LanceDB,synthetic_world_state.csv,276,False,312.34375
LanceDB,synthetic_world_state.csv,277,False,312.4296875
LanceDB,synthetic_world_state.csv,278,False,312.94140625
LanceDB,synthetic_world_state.csv,279,False,313.75390625
LanceDB,synthetic_world_state.csv,280,False,313.86328125
LanceDB,synthetic_world_state.csv,281,False,314.2265625
LanceDB,synthetic_world_state.csv,282,False,314.25390625
LanceDB,synthetic_world_state.csv,283,False,314.6640625
LanceDB,synthetic_world_state.csv,284,False,315.59375
LanceDB,synthetic_world_state.csv,285,False,315.6328125
LanceDB,synthetic_world_state.csv,286,False,316.5078125
LanceDB,synthetic_world_state.csv,287,False,316.5703125
LanceDB,synthetic_world_state.csv,288,False,317.4921875
LanceDB,synthetic_world_state.csv,289,False,317.6875
LanceDB,synthetic_world_state.csv,290,False,317.71875
LanceDB,synthetic_world_state.csv,291,False,317.734375
LanceDB,synthetic_world_state.csv,292,False,318.81640625
LanceDB,synthetic_world_state.csv,293,False,318.828125
LanceDB,synthetic_world_state.csv,294,False,318.83203125
LanceDB,synthetic_world_state.csv,295,False,318.9453125
LanceDB,synthetic_world_state.csv,296,False,319.71484375
LanceDB,synthetic_world_state.csv,297,False,319.91015625
LanceDB,synthetic_world_state.csv,298,False,320.23046875
LanceDB,synthetic_world_state.csv,299,False,320.30078125
LanceDB,synthetic_world_state.csv,300,False,320.453125
LanceDB,synthetic_world_state.csv,301,False,320.5078125
LanceDB,synthetic_world_state.csv,302,False,320.5859375
LanceDB,synthetic_world_state.csv,303,False,320.7265625
LanceDB,synthetic_world_state.csv,304,False,320.84375
LanceDB,synthetic_world_state.csv,305,False,321.8125
LanceDB,synthetic_world_state.csv,306,False,322.21484375
LanceDB,synthetic_world_state.csv,307,False,322.25390625
LanceDB,synthetic_world_state.csv,308,False,322.73046875
LanceDB,synthetic_world_state.csv,309,False,322.87890625
LanceDB,synthetic_world_state.csv,310,False,322.96875
LanceDB,synthetic_world_state.csv,311,False,323.765625
LanceDB,synthetic_world_state.csv,312,False,324.01953125
LanceDB,synthetic_world_state.csv,313,False,324.65625
LanceDB,synthetic_world_state.csv,314,False,324.98828125
LanceDB,synthetic_world_state.csv,315,False,325.34765625
LanceDB,synthetic_world_state.csv,316,False,326.453125
LanceDB,synthetic_world_state.csv,317,False,326.46484375
LanceDB,synthetic_world_state.csv,318,False,326.625
LanceDB,synthetic_world_state.csv,319,False,327.66796875
LanceDB,synthetic_world_state.csv,320,False,327.6796875
LanceDB,synthetic_world_state.csv,321,False,327.9453125
LanceDB,synthetic_world_state.csv,322,False,327.94921875
LanceDB,synthetic_world_state.csv,323,False,327.953125
LanceDB,synthetic_world_state.csv,324,False,327.96484375
LanceDB,synthetic_world_state.csv,325,False,327.96484375
LanceDB,synthetic_world_state.csv,326,False,327.97265625
LanceDB,synthetic_world_state.csv,327,False,328.0390625
LanceDB,synthetic_world_state.csv,328,False,328.10546875
LanceDB,synthetic_world_state.csv,329,False,328.1875
LanceDB,synthetic_world_state.csv,330,False,328.1875
LanceDB,synthetic_world_state.csv,331,False,328.28125
LanceDB,synthetic_world_state.csv,332,False,328.390625
LanceDB,synthetic_world_state.csv,333,False,329.703125
LanceDB,synthetic_world_state.csv,334,False,329.71875
LanceDB,synthetic_world_state.csv,335,False,330.015625
LanceDB,synthetic_world_state.csv,336,False,330.125
LanceDB,synthetic_world_state.csv,337,False,330.125
LanceDB,synthetic_world_state.csv,338,False,330.3125
LanceDB,synthetic_world_state.csv,339,False,330.33984375
LanceDB,synthetic_world_state.csv,340,False,330.41015625
LanceDB,synthetic_world_state.csv,341,False,330.56640625
LanceDB,synthetic_world_state.csv,342,False,331.56640625
LanceDB,synthetic_world_state.csv,343,False,331.78125
LanceDB,synthetic_world_state.csv,344,False,332.92578125
LanceDB,synthetic_world_state.csv,345,False,333.65625
LanceDB,synthetic_world_state.csv,346,False,334.55078125
LanceDB,synthetic_world_state.csv,347,False,335.69921875
LanceDB,synthetic_world_state.csv,348,False,336.73828125
LanceDB,synthetic_world_state.csv,349,False,336.73828125
LanceDB,synthetic_world_state.csv,350,False,336.765625
LanceDB,synthetic_world_state.csv,351,False,336.92578125
LanceDB,synthetic_world_state.csv,352,False,336.9609375
LanceDB,synthetic_world_state.csv,353,False,337.0625
LanceDB,synthetic_world_state.csv,354,False,337.0703125
LanceDB,synthetic_world_state.csv,355,False,337.08203125
LanceDB,synthetic_world_state.csv,356,False,337.296875
LanceDB,synthetic_world_state.csv,357,False,337.41796875
LanceDB,synthetic_world_state.csv,358,False,337.42578125
LanceDB,synthetic_world_state.csv,359,False,337.640625
LanceDB,synthetic_world_state.csv,360,False,337.66015625
LanceDB,synthetic_world_state.csv,361,False,337.6796875
LanceDB,synthetic_world_state.csv,362,False,337.71875
LanceDB,synthetic_world_state.csv,363,False,338.17578125
LanceDB,synthetic_world_state.csv,364,False,338.2578125
LanceDB,synthetic_world_state.csv,365,False,338.2890625
LanceDB,synthetic_world_state.csv,366,False,338.54296875
LanceDB,synthetic_world_state.csv,367,False,338.65234375
LanceDB,synthetic_world_state.csv,368,False,338.67578125
LanceDB,synthetic_world_state.csv,369,False,339.22265625
LanceDB,synthetic_world_state.csv,370,False,339.48828125
LanceDB,synthetic_world_state.csv,371,False,340.70703125
LanceDB,synthetic_world_state.csv,372,False,341.2734375
LanceDB,synthetic_world_state.csv,373,False,341.4609375
LanceDB,synthetic_world_state.csv,374,False,341.47265625
LanceDB,synthetic_world_state.csv,375,False,341.6484375
LanceDB,synthetic_world_state.csv,376,False,342.078125
LanceDB,synthetic_world_state.csv,377,False,342.7734375
LanceDB,synthetic_world_state.csv,378,False,342.7890625
LanceDB,synthetic_world_state.csv,379,False,343.3125
LanceDB,synthetic_world_state.csv,380,False,344.3515625
LanceDB,synthetic_world_state.csv,381,False,344.37109375
LanceDB,synthetic_world_state.csv,382,False,344.609375
LanceDB,synthetic_world_state.csv,383,False,344.6640625
LanceDB,synthetic_world_state.csv,384,False,344.79296875
LanceDB,synthetic_world_state.csv,385,False,345.06640625
LanceDB,synthetic_world_state.csv,386,False,345.953125
LanceDB,synthetic_world_state.csv,387,False,346.2578125
LanceDB,synthetic_world_state.csv,388,False,346.30078125
LanceDB,synthetic_world_state.csv,389,False,346.30859375
LanceDB,synthetic_world_state.csv,390,False,346.375
LanceDB,synthetic_world_state.csv,391,False,347.69921875
LanceDB,synthetic_world_state.csv,392,False,347.79296875
LanceDB,synthetic_world_state.csv,393,False,348.09765625
LanceDB,synthetic_world_state.csv,394,False,348.38671875
LanceDB,synthetic_world_state.csv,395,False,348.44140625
LanceDB,synthetic_world_state.csv,396,False,348.453125
LanceDB,synthetic_world_state.csv,397,False,349.76171875
LanceDB,synthetic_world_state.csv,398,False,350.41015625
LanceDB,synthetic_world_state.csv,399,False,350.4453125
LanceDB,synthetic_world_state.csv,400,False,350.53125
LanceDB,synthetic_world_state.csv,401,False,350.55078125
LanceDB,synthetic_world_state.csv,402,False,350.765625
LanceDB,synthetic_world_state.csv,403,False,352.09765625
LanceDB,synthetic_world_state.csv,404,False,352.140625
LanceDB,synthetic_world_state.csv,405,False,352.87890625
LanceDB,synthetic_world_state.csv,406,False,352.9453125
LanceDB,synthetic_world_state.csv,407,False,352.9453125
LanceDB,synthetic_world_state.csv,408,False,353.875
LanceDB,synthetic_world_state.csv,409,False,353.89453125
LanceDB,synthetic_world_state.csv,410,False,353.9296875
LanceDB,synthetic_world_state.csv,411,False,354.19140625
LanceDB,synthetic_world_state.csv,412,False,355.5
LanceDB,synthetic_world_state.csv,413,False,355.5625
LanceDB,synthetic_world_state.csv,414,False,355.6875
LanceDB,synthetic_world_state.csv,415,False,355.85546875
LanceDB,synthetic_world_state.csv,416,False,356.0390625
LanceDB,synthetic_world_state.csv,417,False,356.8125
LanceDB,synthetic_world_state.csv,418,False,356.82421875
LanceDB,synthetic_world_state.csv,419,False,356.8828125
LanceDB,synthetic_world_state.csv,420,False,356.94140625
LanceDB,synthetic_world_state.csv,421,False,357.17578125
LanceDB,synthetic_world_state.csv,422,False,357.19921875
LanceDB,synthetic_world_state.csv,423,False,357.234375
LanceDB,synthetic_world_state.csv,424,False,358.16015625
LanceDB,synthetic_world_state.csv,425,False,358.44921875
LanceDB,synthetic_world_state.csv,426,False,358.78515625
LanceDB,synthetic_world_state.csv,427,False,360.109375
LanceDB,synthetic_world_state.csv,428,False,360.11328125
LanceDB,synthetic_world_state.csv,429,False,360.2421875
LanceDB,synthetic_world_state.csv,430,False,360.24609375
LanceDB,synthetic_world_state.csv,431,False,360.359375
LanceDB,synthetic_world_state.csv,432,False,360.8125
LanceDB,synthetic_world_state.csv,433,False,360.8359375
LanceDB,synthetic_world_state.csv,434,False,360.99609375
LanceDB,synthetic_world_state.csv,435,False,361.01171875
LanceDB,synthetic_world_state.csv,436,False,361.0859375
LanceDB,synthetic_world_state.csv,437,False,362.53125
LanceDB,synthetic_world_state.csv,438,False,363.328125
LanceDB,synthetic_world_state.csv,439,False,363.38671875
LanceDB,synthetic_world_state.csv,440,False,364.87109375
LanceDB,synthetic_world_state.csv,441,False,364.8828125
LanceDB,synthetic_world_state.csv,442,False,366.16796875
LanceDB,synthetic_world_state.csv,443,False,367.40625
LanceDB,synthetic_world_state.csv,444,False,367.55859375
LanceDB,synthetic_world_state.csv,445,False,367.81640625
LanceDB,synthetic_world_state.csv,446,False,367.8515625
LanceDB,synthetic_world_state.csv,447,False,368.0234375
LanceDB,synthetic_world_state.csv,448,False,369.484375
LanceDB,synthetic_world_state.csv,449,False,369.60546875
LanceDB,synthetic_world_state.csv,450,False,369.8671875
LanceDB,synthetic_world_state.csv,451,False,369.94140625
LanceDB,synthetic_world_state.csv,452,False,369.98046875
LanceDB,synthetic_world_state.csv,453,False,370.02734375
LanceDB,synthetic_world_state.csv,454,False,370.0625
LanceDB,synthetic_world_state.csv,455,False,370.0625
LanceDB,synthetic_world_state.csv,456,False,371.390625
LanceDB,synthetic_world_state.csv,457,False,371.625
LanceDB,synthetic_world_state.csv,458,False,371.671875
LanceDB,synthetic_world_state.csv,459,False,372.8515625
LanceDB,synthetic_world_state.csv,460,False,372.87890625
LanceDB,synthetic_world_state.csv,461,False,372.87890625
LanceDB,synthetic_world_state.csv,462,False,372.89453125
LanceDB,synthetic_world_state.csv,463,False,372.94921875
LanceDB,synthetic_world_state.csv,464,False,374.44921875
LanceDB,synthetic_world_state.csv,465,False,374.80078125
LanceDB,synthetic_world_state.csv,466,False,374.8046875
LanceDB,synthetic_world_state.csv,467,False,376.375
LanceDB,synthetic_world_state.csv,468,False,376.375
LanceDB,synthetic_world_state.csv,469,False,376.6796875
LanceDB,synthetic_world_state.csv,470,False,376.82421875
LanceDB,synthetic_world_state.csv,471,False,377.03515625
LanceDB,synthetic_world_state.csv,472,False,377.1171875
LanceDB,synthetic_world_state.csv,473,False,377.6328125
LanceDB,synthetic_world_state.csv,474,False,377.73828125
LanceDB,synthetic_world_state.csv,475,False,378.19921875
LanceDB,synthetic_world_state.csv,476,False,378.25390625
LanceDB,synthetic_world_state.csv,477,False,378.328125
LanceDB,synthetic_world_state.csv,478,False,378.9609375
LanceDB,synthetic_world_state.csv,479,False,380.34765625
LanceDB,synthetic_world_state.csv,480,False,380.39453125
LanceDB,synthetic_world_state.csv,481,False,380.87109375
LanceDB,synthetic_world_state.csv,482,False,382.28125
LanceDB,synthetic_world_state.csv,483,False,382.30078125
LanceDB,synthetic_world_state.csv,484,False,384.11328125
LanceDB,synthetic_world_state.csv,485,False,384.12890625
LanceDB,synthetic_world_state.csv,486,False,384.203125
LanceDB,synthetic_world_state.csv,487,False,384.24609375
LanceDB,synthetic_world_state.csv,488,False,386.07421875
LanceDB,synthetic_world_state.csv,489,False,386.0859375
LanceDB,synthetic_world_state.csv,490,False,386.0859375
LanceDB,synthetic_world_state.csv,491,False,386.16796875
LanceDB,synthetic_world_state.csv,492,False,386.72265625
LanceDB,synthetic_world_state.csv,493,False,386.828125
LanceDB,synthetic_world_state.csv,494,False,387.125
LanceDB,synthetic_world_state.csv,495,False,387.1328125
LanceDB,synthetic_world_state.csv,496,False,387.15625
LanceDB,synthetic_world_state.csv,497,False,387.37890625
LanceDB,synthetic_world_state.csv,498,False,387.64453125
LanceDB,synthetic_world_state.csv,499,False,387.76953125
LanceDB,synthetic_world_state.csv,500,False,387.83984375
LanceDB,synthetic_world_state.csv,501,False,387.83984375
LanceDB,synthetic_world_state.csv,502,False,388.43359375
LanceDB,synthetic_world_state.csv,503,False,388.5703125
LanceDB,synthetic_world_state.csv,504,False,388.7890625
LanceDB,synthetic_world_state.csv,505,False,390.31640625
LanceDB,synthetic_world_state.csv,506,False,390.39453125
LanceDB,synthetic_world_state.csv,507,False,390.48046875
LanceDB,synthetic_world_state.csv,508,False,390.66796875
LanceDB,synthetic_world_state.csv,509,False,392.69921875
LanceDB,synthetic_world_state.csv,510,False,394.3828125
LanceDB,synthetic_world_state.csv,511,False,395.765625
LanceDB,synthetic_world_state.csv,512,False,395.82421875
LanceDB,synthetic_world_state.csv,513,False,395.8515625
LanceDB,synthetic_world_state.csv,514,False,395.98046875
LanceDB,synthetic_world_state.csv,515,False,395.98046875
LanceDB,synthetic_world_state.csv,516,False,397.921875
LanceDB,synthetic_world_state.csv,517,False,398.02734375
LanceDB,synthetic_world_state.csv,518,False,399.203125
LanceDB,synthetic_world_state.csv,519,False,399.4453125
LanceDB,synthetic_world_state.csv,520,False,399.5546875
LanceDB,synthetic_world_state.csv,521,False,399.6953125
LanceDB,synthetic_world_state.csv,522,False,399.71484375
LanceDB,synthetic_world_state.csv,523,False,399.79296875
LanceDB,synthetic_world_state.csv,524,False,400.3671875
LanceDB,synthetic_world_state.csv,525,False,400.37109375
LanceDB,synthetic_world_state.csv,526,False,400.453125
LanceDB,synthetic_world_state.csv,527,False,402.04296875
LanceDB,synthetic_world_state.csv,528,False,403.03515625
LanceDB,synthetic_world_state.csv,529,False,404.43359375
LanceDB,synthetic_world_state.csv,530,False,404.94921875
LanceDB,synthetic_world_state.csv,531,False,405.1328125
LanceDB,synthetic_world_state.csv,532,False,406.921875
LanceDB,synthetic_world_state.csv,533,False,406.97265625
LanceDB,synthetic_world_state.csv,534,False,406.98046875
LanceDB,synthetic_world_state.csv,535,False,406.9921875
LanceDB,synthetic_world_state.csv,536,False,407.77734375
LanceDB,synthetic_world_state.csv,537,False,407.81640625
LanceDB,synthetic_world_state.csv,538,False,407.81640625
LanceDB,synthetic_world_state.csv,539,False,409.83203125
LanceDB,synthetic_world_state.csv,540,False,411.37109375
LanceDB,synthetic_world_state.csv,541,False,411.53515625
LanceDB,synthetic_world_state.csv,542,False,413.1015625
LanceDB,synthetic_world_state.csv,543,False,413.30859375
LanceDB,synthetic_world_state.csv,544,False,413.48828125
LanceDB,synthetic_world_state.csv,545,False,413.50390625
LanceDB,synthetic_world_state.csv,546,False,413.53125
LanceDB,synthetic_world_state.csv,547,False,413.6875
LanceDB,synthetic_world_state.csv,548,False,413.70703125
LanceDB,synthetic_world_state.csv,549,False,415.109375
LanceDB,synthetic_world_state.csv,550,False,415.12109375
LanceDB,synthetic_world_state.csv,551,False,415.15625
LanceDB,synthetic_world_state.csv,552,False,415.24609375
LanceDB,synthetic_world_state.csv,553,False,415.390625
LanceDB,synthetic_world_state.csv,554,False,415.40625
LanceDB,synthetic_world_state.csv,555,False,415.6640625
LanceDB,synthetic_world_state.csv,556,False,417.4375
LanceDB,synthetic_world_state.csv,557,False,417.54296875
LanceDB,synthetic_world_state.csv,558,False,417.8515625
LanceDB,synthetic_world_state.csv,559,False,418.13671875
LanceDB,synthetic_world_state.csv,560,False,418.20703125
LanceDB,synthetic_world_state.csv,561,False,418.25
LanceDB,synthetic_world_state.csv,562,False,419.28515625
LanceDB,synthetic_world_state.csv,563,False,419.3203125
LanceDB,synthetic_world_state.csv,564,False,419.37109375
LanceDB,synthetic_world_state.csv,565,False,419.41796875
LanceDB,synthetic_world_state.csv,566,False,419.58203125
LanceDB,synthetic_world_state.csv,567,False,421.421875
LanceDB,synthetic_world_state.csv,568,False,421.46875
LanceDB,synthetic_world_state.csv,569,False,421.47265625
LanceDB,synthetic_world_state.csv,570,False,421.515625
LanceDB,synthetic_world_state.csv,571,False,423.19921875
LanceDB,synthetic_world_state.csv,572,False,423.22265625
LanceDB,synthetic_world_state.csv,573,False,424.08984375
LanceDB,synthetic_world_state.csv,574,False,424.20703125
LanceDB,synthetic_world_state.csv,575,False,424.33203125
LanceDB,synthetic_world_state.csv,576,False,424.42578125
LanceDB,synthetic_world_state.csv,577,False,424.42578125
LanceDB,synthetic_world_state.csv,578,False,426.19921875
LanceDB,synthetic_world_state.csv,579,False,426.33203125
LanceDB,synthetic_world_state.csv,580,False,426.375
LanceDB,synthetic_world_state.csv,581,False,426.44921875
LanceDB,synthetic_world_state.csv,582,False,428.29296875
LanceDB,synthetic_world_state.csv,583,False,428.87890625
LanceDB,synthetic_world_state.csv,584,False,428.91015625
LanceDB,synthetic_world_state.csv,585,False,429.2578125
LanceDB,synthetic_world_state.csv,586,False,429.296875
LanceDB,synthetic_world_state.csv,587,False,429.34375
LanceDB,synthetic_world_state.csv,588,False,429.6015625
LanceDB,synthetic_world_state.csv,589,False,429.625
LanceDB,synthetic_world_state.csv,590,False,430.96484375
LanceDB,synthetic_world_state.csv,591,False,431.44921875
LanceDB,synthetic_world_state.csv,592,False,431.49609375
LanceDB,synthetic_world_state.csv,593,False,431.72265625
LanceDB,synthetic_world_state.csv,594,False,431.79296875
LanceDB,synthetic_world_state.csv,595,False,431.8359375
LanceDB,synthetic_world_state.csv,596,False,431.88671875
LanceDB,synthetic_world_state.csv,597,False,432.046875
LanceDB,synthetic_world_state.csv,598,False,432.0625
LanceDB,synthetic_world_state.csv,599,False,432.33203125
LanceDB,synthetic_world_state.csv,600,False,432.3359375
LanceDB,synthetic_world_state.csv,601,False,434.0
LanceDB,synthetic_world_state.csv,602,False,434.0078125
LanceDB,synthetic_world_state.csv,603,False,434.30078125
LanceDB,synthetic_world_state.csv,604,False,434.44921875
LanceDB,synthetic_world_state.csv,605,False,435.94140625
LanceDB,synthetic_world_state.csv,606,False,436.859375
LanceDB,synthetic_world_state.csv,607,False,437.40625
LanceDB,synthetic_world_state.csv,608,False,437.4921875
LanceDB,synthetic_world_state.csv,609,False,437.5703125
LanceDB,synthetic_world_state.csv,610,False,437.61328125
LanceDB,synthetic_world_state.csv,611,False,437.66796875
LanceDB,synthetic_world_state.csv,612,False,437.69140625
LanceDB,synthetic_world_state.csv,613,False,437.73828125
LanceDB,synthetic_world_state.csv,614,False,438.1875
LanceDB,synthetic_world_state.csv,615,False,438.3203125
LanceDB,synthetic_world_state.csv,616,False,440.2578125
LanceDB,synthetic_world_state.csv,617,False,440.2578125
LanceDB,synthetic_world_state.csv,618,False,442.04296875
LanceDB,synthetic_world_state.csv,619,False,442.30078125
LanceDB,synthetic_world_state.csv,620,False,442.30078125
LanceDB,synthetic_world_state.csv,621,False,444.44921875
LanceDB,synthetic_world_state.csv,622,False,444.5390625
LanceDB,synthetic_world_state.csv,623,False,446.20703125
LanceDB,synthetic_world_state.csv,624,False,446.234375
LanceDB,synthetic_world_state.csv,625,False,446.25390625
LanceDB,synthetic_world_state.csv,626,False,446.30078125
LanceDB,synthetic_world_state.csv,627,False,446.6640625
LanceDB,synthetic_world_state.csv,628,False,446.671875
LanceDB,synthetic_world_state.csv,629,False,446.67578125
LanceDB,synthetic_world_state.csv,630,False,446.67578125
LanceDB,synthetic_world_state.csv,631,False,447.66015625
LanceDB,synthetic_world_state.csv,632,False,447.921875
LanceDB,synthetic_world_state.csv,633,False,449.921875
LanceDB,synthetic_world_state.csv,634,False,449.98828125
LanceDB,synthetic_world_state.csv,635,False,450.140625
LanceDB,synthetic_world_state.csv,636,False,450.63671875
LanceDB,synthetic_world_state.csv,637,False,450.76953125
LanceDB,synthetic_world_state.csv,638,False,450.7734375
LanceDB,synthetic_world_state.csv,639,False,450.890625
LanceDB,synthetic_world_state.csv,640,False,451.05859375
LanceDB,synthetic_world_state.csv,641,False,451.13671875
LanceDB,synthetic_world_state.csv,642,False,452.09765625
LanceDB,synthetic_world_state.csv,643,False,454.15625
LanceDB,synthetic_world_state.csv,644,False,454.69921875
LanceDB,synthetic_world_state.csv,645,False,455.30078125
LanceDB,synthetic_world_state.csv,646,False,455.359375
LanceDB,synthetic_world_state.csv,647,False,455.4609375
LanceDB,synthetic_world_state.csv,648,False,457.61328125
LanceDB,synthetic_world_state.csv,649,False,457.83203125
LanceDB,synthetic_world_state.csv,650,False,458.66796875
LanceDB,synthetic_world_state.csv,651,False,460.49609375
LanceDB,synthetic_world_state.csv,652,False,460.7734375
LanceDB,synthetic_world_state.csv,653,False,460.91796875
LanceDB,synthetic_world_state.csv,654,False,461.03515625
LanceDB,synthetic_world_state.csv,655,False,463.23046875
LanceDB,synthetic_world_state.csv,656,False,463.296875
LanceDB,synthetic_world_state.csv,657,False,463.42578125
LanceDB,synthetic_world_state.csv,658,False,465.48828125
LanceDB,synthetic_world_state.csv,659,False,465.4921875
LanceDB,synthetic_world_state.csv,660,False,467.015625
LanceDB,synthetic_world_state.csv,661,False,467.0625
LanceDB,synthetic_world_state.csv,662,False,467.078125
LanceDB,synthetic_world_state.csv,663,False,467.125
LanceDB,synthetic_world_state.csv,664,False,467.1796875
LanceDB,synthetic_world_state.csv,665,False,467.2265625
LanceDB,synthetic_world_state.csv,666,False,467.4765625
LanceDB,synthetic_world_state.csv,667,False,467.9375
LanceDB,synthetic_world_state.csv,668,False,468.10546875
LanceDB,synthetic_world_state.csv,669,False,468.109375
LanceDB,synthetic_world_state.csv,670,False,468.15234375
LanceDB,synthetic_world_state.csv,671,False,470.57421875
LanceDB,synthetic_world_state.csv,672,False,470.64453125
LanceDB,synthetic_world_state.csv,673,False,470.76953125
LanceDB,synthetic_world_state.csv,674,False,471.37109375
LanceDB,synthetic_world_state.csv,675,False,471.37109375
LanceDB,synthetic_world_state.csv,676,False,471.41796875
LanceDB,synthetic_world_state.csv,677,False,472.3359375
LanceDB,synthetic_world_state.csv,678,False,472.65234375
LanceDB,synthetic_world_state.csv,679,False,474.98046875
LanceDB,synthetic_world_state.csv,680,False,475.98828125
LanceDB,synthetic_world_state.csv,681,False,478.21875
LanceDB,synthetic_world_state.csv,682,False,478.28515625
LanceDB,synthetic_world_state.csv,683,False,478.3984375
LanceDB,synthetic_world_state.csv,684,False,478.42578125
LanceDB,synthetic_world_state.csv,685,False,480.64453125
LanceDB,synthetic_world_state.csv,686,False,480.69140625
LanceDB,synthetic_world_state.csv,687,False,480.90625
LanceDB,synthetic_world_state.csv,688,False,481.06640625
LanceDB,synthetic_world_state.csv,689,False,481.078125
LanceDB,synthetic_world_state.csv,690,False,481.08203125
LanceDB,synthetic_world_state.csv,691,False,481.09375
LanceDB,synthetic_world_state.csv,692,False,483.203125
LanceDB,synthetic_world_state.csv,693,False,485.75390625
LanceDB,synthetic_world_state.csv,694,False,485.88671875
LanceDB,synthetic_world_state.csv,695,False,487.83984375
LanceDB,synthetic_world_state.csv,696,False,487.87890625
LanceDB,synthetic_world_state.csv,697,False,489.37890625
LanceDB,synthetic_world_state.csv,698,False,489.55859375
LanceDB,synthetic_world_state.csv,699,False,490.42578125
LanceDB,synthetic_world_state.csv,700,False,490.4296875
LanceDB,synthetic_world_state.csv,701,False,490.5234375
LanceDB,synthetic_world_state.csv,702,False,490.5234375
LanceDB,synthetic_world_state.csv,703,False,490.8203125
LanceDB,synthetic_world_state.csv,704,False,490.85546875
LanceDB,synthetic_world_state.csv,705,False,493.3046875
LanceDB,synthetic_world_state.csv,706,False,493.31640625
LanceDB,synthetic_world_state.csv,707,False,493.41015625
LanceDB,synthetic_world_state.csv,708,False,493.5078125
LanceDB,synthetic_world_state.csv,709,False,493.66015625
LanceDB,synthetic_world_state.csv,710,False,493.66796875
LanceDB,synthetic_world_state.csv,711,False,494.10546875
LanceDB,synthetic_world_state.csv,712,False,496.171875
LanceDB,synthetic_world_state.csv,713,False,496.203125
LanceDB,synthetic_world_state.csv,714,False,496.30078125
LanceDB,synthetic_world_state.csv,715,False,496.30078125
LanceDB,synthetic_world_state.csv,716,False,496.9140625
LanceDB,synthetic_world_state.csv,717,False,497.03515625
LanceDB,synthetic_world_state.csv,718,False,497.16015625
LanceDB,synthetic_world_state.csv,719,False,497.69921875
LanceDB,synthetic_world_state.csv,720,False,497.7734375
LanceDB,synthetic_world_state.csv,721,False,497.9140625
LanceDB,synthetic_world_state.csv,722,False,497.9609375
LanceDB,synthetic_world_state.csv,723,False,497.98046875
LanceDB,synthetic_world_state.csv,724,False,498.015625
LanceDB,synthetic_world_state.csv,725,False,498.33203125
LanceDB,synthetic_world_state.csv,726,False,498.33203125
LanceDB,synthetic_world_state.csv,727,False,498.6796875
LanceDB,synthetic_world_state.csv,728,False,498.6875
LanceDB,synthetic_world_state.csv,729,False,498.75
LanceDB,synthetic_world_state.csv,730,False,498.796875
LanceDB,synthetic_world_state.csv,731,False,499.50390625
LanceDB,synthetic_world_state.csv,732,False,499.5078125
LanceDB,synthetic_world_state.csv,733,False,499.5390625
LanceDB,synthetic_world_state.csv,734,False,499.9296875
LanceDB,synthetic_world_state.csv,735,False,500.8984375
LanceDB,synthetic_world_state.csv,736,False,503.21875
LanceDB,synthetic_world_state.csv,737,False,503.28125
LanceDB,synthetic_world_state.csv,738,False,505.54296875
LanceDB,synthetic_world_state.csv,739,False,505.609375
LanceDB,synthetic_world_state.csv,740,False,505.78515625
LanceDB,synthetic_world_state.csv,741,False,505.83984375
LanceDB,synthetic_world_state.csv,742,False,508.1796875
LanceDB,synthetic_world_state.csv,743,False,509.26171875
LanceDB,synthetic_world_state.csv,744,False,509.3515625
LanceDB,synthetic_world_state.csv,745,False,509.37890625
LanceDB,synthetic_world_state.csv,746,False,509.4765625
LanceDB,synthetic_world_state.csv,747,False,509.546875
LanceDB,synthetic_world_state.csv,748,False,509.546875
LanceDB,synthetic_world_state.csv,749,False,510.546875
LanceDB,synthetic_world_state.csv,750,False,511.3125
LanceDB,synthetic_world_state.csv,751,False,513.8203125
LanceDB,synthetic_world_state.csv,752,False,513.85546875
LanceDB,synthetic_world_state.csv,753,False,514.06640625
LanceDB,synthetic_world_state.csv,754,False,514.0859375
LanceDB,synthetic_world_state.csv,755,False,514.09375
LanceDB,synthetic_world_state.csv,756,False,515.25
LanceDB,synthetic_world_state.csv,757,False,515.4375
LanceDB,synthetic_world_state.csv,758,False,517.99609375
LanceDB,synthetic_world_state.csv,759,False,520.60546875
LanceDB,synthetic_world_state.csv,760,False,520.87890625
LanceDB,synthetic_world_state.csv,761,False,521.00390625
LanceDB,synthetic_world_state.csv,762,False,521.24609375
LanceDB,synthetic_world_state.csv,763,False,521.26171875
LanceDB,synthetic_world_state.csv,764,False,521.3515625
LanceDB,synthetic_world_state.csv,765,False,521.37890625
LanceDB,synthetic_world_state.csv,766,False,523.65234375
LanceDB,synthetic_world_state.csv,767,False,524.6953125
LanceDB,synthetic_world_state.csv,768,False,525.23828125
LanceDB,synthetic_world_state.csv,769,False,526.7109375
LanceDB,synthetic_world_state.csv,770,False,526.7734375
LanceDB,synthetic_world_state.csv,771,False,529.08984375
LanceDB,synthetic_world_state.csv,772,False,529.265625
LanceDB,synthetic_world_state.csv,773,False,529.28515625
LanceDB,synthetic_world_state.csv,774,False,530.5234375
LanceDB,synthetic_world_state.csv,775,False,530.55078125
LanceDB,synthetic_world_state.csv,776,False,531.30859375
LanceDB,synthetic_world_state.csv,777,False,533.6875
LanceDB,synthetic_world_state.csv,778,False,534.00390625
LanceDB,synthetic_world_state.csv,779,False,534.22265625
LanceDB,synthetic_world_state.csv,780,False,534.69140625
LanceDB,synthetic_world_state.csv,781,False,535.421875
LanceDB,synthetic_world_state.csv,782,False,535.52734375
LanceDB,synthetic_world_state.csv,783,False,535.5390625
LanceDB,synthetic_world_state.csv,784,False,535.57421875
LanceDB,synthetic_world_state.csv,785,False,535.60546875
LanceDB,synthetic_world_state.csv,786,False,535.609375
LanceDB,synthetic_world_state.csv,787,False,535.66015625
LanceDB,synthetic_world_state.csv,788,False,537.00390625
LanceDB,synthetic_world_state.csv,789,False,539.3125
LanceDB,synthetic_world_state.csv,790,False,541.87109375
LanceDB,synthetic_world_state.csv,791,False,542.265625
LanceDB,synthetic_world_state.csv,792,False,542.51171875
LanceDB,synthetic_world_state.csv,793,False,542.56640625
LanceDB,synthetic_world_state.csv,794,False,542.6015625
LanceDB,synthetic_world_state.csv,795,False,542.7109375
LanceDB,synthetic_world_state.csv,796,False,542.7421875
LanceDB,synthetic_world_state.csv,797,False,543.0
LanceDB,synthetic_world_state.csv,798,False,543.0
LanceDB,synthetic_world_state.csv,799,False,544.09375
LanceDB,synthetic_world_state.csv,800,False,546.609375
LanceDB,synthetic_world_state.csv,801,False,546.82421875
LanceDB,synthetic_world_state.csv,802,False,546.91796875
LanceDB,synthetic_world_state.csv,803,False,547.4296875
LanceDB,synthetic_world_state.csv,804,False,549.91796875
LanceDB,synthetic_world_state.csv,805,False,549.94921875
LanceDB,synthetic_world_state.csv,806,False,549.98828125
LanceDB,synthetic_world_state.csv,807,False,550.04296875
LanceDB,synthetic_world_state.csv,808,False,550.1953125
LanceDB,synthetic_world_state.csv,809,False,550.72265625
LanceDB,synthetic_world_state.csv,810,False,550.7421875
LanceDB,synthetic_world_state.csv,811,False,550.7421875
LanceDB,synthetic_world_state.csv,812,False,550.7734375
LanceDB,synthetic_world_state.csv,813,False,550.79296875
LanceDB,synthetic_world_state.csv,814,False,550.79296875
LanceDB,synthetic_world_state.csv,815,False,550.79296875
LanceDB,synthetic_world_state.csv,816,False,551.09765625
LanceDB,synthetic_world_state.csv,817,False,551.44921875
LanceDB,synthetic_world_state.csv,818,False,552.08203125
LanceDB,synthetic_world_state.csv,819,False,554.45703125
LanceDB,synthetic_world_state.csv,820,False,554.625
LanceDB,synthetic_world_state.csv,821,False,554.77734375
LanceDB,synthetic_world_state.csv,822,False,554.87109375
LanceDB,synthetic_world_state.csv,823,False,554.89453125
LanceDB,synthetic_world_state.csv,824,False,555.00390625
LanceDB,synthetic_world_state.csv,825,False,555.30078125
LanceDB,synthetic_world_state.csv,826,False,555.31640625
LanceDB,synthetic_world_state.csv,827,False,556.80078125
LanceDB,synthetic_world_state.csv,828,False,556.953125
LanceDB,synthetic_world_state.csv,829,False,557.78125
LanceDB,synthetic_world_state.csv,830,False,558.83203125
LanceDB,synthetic_world_state.csv,831,False,558.85546875
LanceDB,synthetic_world_state.csv,832,False,559.609375
LanceDB,synthetic_world_state.csv,833,False,559.6875
LanceDB,synthetic_world_state.csv,834,False,562.46875
LanceDB,synthetic_world_state.csv,835,False,562.53125
LanceDB,synthetic_world_state.csv,836,False,565.1875
LanceDB,synthetic_world_state.csv,837,False,567.890625
LanceDB,synthetic_world_state.csv,838,False,567.984375
LanceDB,synthetic_world_state.csv,839,False,569.68359375
LanceDB,synthetic_world_state.csv,840,False,569.74609375
LanceDB,synthetic_world_state.csv,841,False,570.2109375
LanceDB,synthetic_world_state.csv,842,False,570.26953125
LanceDB,synthetic_world_state.csv,843,False,572.375
LanceDB,synthetic_world_state.csv,844,False,575.06640625
LanceDB,synthetic_world_state.csv,845,False,577.63671875
LanceDB,synthetic_world_state.csv,846,False,577.671875
LanceDB,synthetic_world_state.csv,847,False,580.0546875
LanceDB,synthetic_world_state.csv,848,False,581.25390625
LanceDB,synthetic_world_state.csv,849,False,582.6171875
LanceDB,synthetic_world_state.csv,850,False,583.1953125
LanceDB,synthetic_world_state.csv,851,True,583.3125
LanceDB,synthetic_world_state.csv,852,True,583.38671875
LanceDB,synthetic_world_state.csv,853,True,583.43359375
LanceDB,synthetic_world_state.csv,854,True,583.61328125
LanceDB,synthetic_world_state.csv,855,True,585.99609375
LanceDB,synthetic_world_state.csv,856,True,586.05859375
LanceDB,synthetic_world_state.csv,857,True,586.35546875
LanceDB,synthetic_world_state.csv,858,True,586.4140625
LanceDB,synthetic_world_state.csv,859,True,586.984375
LanceDB,synthetic_world_state.csv,860,True,589.6796875
LanceDB,synthetic_world_state.csv,861,True,589.73046875
LanceDB,synthetic_world_state.csv,862,True,592.3046875
LanceDB,synthetic_world_state.csv,863,True,592.40625
LanceDB,synthetic_world_state.csv,864,True,592.40625
LanceDB,synthetic_world_state.csv,865,True,592.91796875
LanceDB,synthetic_world_state.csv,866,True,592.9921875
LanceDB,synthetic_world_state.csv,867,True,592.9921875
LanceDB,synthetic_world_state.csv,868,True,592.99609375
LanceDB,synthetic_world_state.csv,869,True,593.171875
LanceDB,synthetic_world_state.csv,870,True,593.25390625
LanceDB,synthetic_world_state.csv,871,True,593.3125
LanceDB,synthetic_world_state.csv,872,True,593.359375
LanceDB,synthetic_world_state.csv,873,True,595.01953125
LanceDB,synthetic_world_state.csv,874,True,596.80859375
LanceDB,synthetic_world_state.csv,875,True,596.8125
LanceDB,synthetic_world_state.csv,876,True,596.87109375
LanceDB,synthetic_world_state.csv,877,True,596.87890625
LanceDB,synthetic_world_state.csv,878,True,599.453125
LanceDB,synthetic_world_state.csv,879,True,600.546875
LanceDB,synthetic_world_state.csv,880,True,600.58984375
LanceDB,synthetic_world_state.csv,881,True,602.0546875
LanceDB,synthetic_world_state.csv,882,True,602.171875
LanceDB,synthetic_world_state.csv,883,True,603.171875
LanceDB,synthetic_world_state.csv,884,True,604.84375
LanceDB,synthetic_world_state.csv,885,True,605.4921875
LanceDB,synthetic_world_state.csv,886,True,605.76171875
LanceDB,synthetic_world_state.csv,887,True,605.8359375
LanceDB,synthetic_world_state.csv,888,True,605.8359375
LanceDB,synthetic_world_state.csv,889,True,605.8359375
LanceDB,synthetic_world_state.csv,890,True,605.93359375
LanceDB,synthetic_world_state.csv,891,True,605.96484375
LanceDB,synthetic_world_state.csv,892,True,606.484375
LanceDB,synthetic_world_state.csv,893,True,606.60546875
LanceDB,synthetic_world_state.csv,894,True,606.6875
LanceDB,synthetic_world_state.csv,895,True,606.6875
LanceDB,synthetic_world_state.csv,896,True,606.69140625
LanceDB,synthetic_world_state.csv,897,True,606.765625
LanceDB,synthetic_world_state.csv,898,True,607.3515625
LanceDB,synthetic_world_state.csv,899,True,610.4296875
LanceDB,synthetic_world_state.csv,900,True,611.42578125
LanceDB,synthetic_world_state.csv,901,True,611.5078125
LanceDB,synthetic_world_state.csv,902,True,611.5078125
LanceDB,synthetic_world_state.csv,903,True,611.64453125
LanceDB,synthetic_world_state.csv,904,True,611.76953125
LanceDB,synthetic_world_state.csv,905,True,611.76953125
LanceDB,synthetic_world_state.csv,906,True,611.78125
LanceDB,synthetic_world_state.csv,907,True,611.85546875
LanceDB,synthetic_world_state.csv,908,True,612.9140625
LanceDB,synthetic_world_state.csv,909,True,612.96484375
LanceDB,synthetic_world_state.csv,910,True,612.9765625
LanceDB,synthetic_world_state.csv,911,True,613.484375
LanceDB,synthetic_world_state.csv,912,True,613.7734375
LanceDB,synthetic_world_state.csv,913,True,613.80078125
LanceDB,synthetic_world_state.csv,914,True,613.89453125
LanceDB,synthetic_world_state.csv,915,True,614.58203125
LanceDB,synthetic_world_state.csv,916,True,617.59765625
LanceDB,synthetic_world_state.csv,917,True,620.76953125
LanceDB,synthetic_world_state.csv,918,True,620.796875
LanceDB,synthetic_world_state.csv,919,True,620.94140625
LanceDB,synthetic_world_state.csv,920,True,621.04296875
LanceDB,synthetic_world_state.csv,921,True,621.5546875
LanceDB,synthetic_world_state.csv,922,True,622.87890625
LanceDB,synthetic_world_state.csv,923,True,624.46484375
LanceDB,synthetic_world_state.csv,924,True,624.52734375
LanceDB,synthetic_world_state.csv,925,True,624.53125
LanceDB,synthetic_world_state.csv,926,True,624.53515625
LanceDB,synthetic_world_state.csv,927,True,624.57421875
LanceDB,synthetic_world_state.csv,928,True,624.6171875
LanceDB,synthetic_world_state.csv,929,True,624.6171875
LanceDB,synthetic_world_state.csv,930,True,625.6640625
LanceDB,synthetic_world_state.csv,931,True,625.66796875
LanceDB,synthetic_world_state.csv,932,True,625.76171875
LanceDB,synthetic_world_state.csv,933,True,628.80078125
LanceDB,synthetic_world_state.csv,934,True,628.8671875
LanceDB,synthetic_world_state.csv,935,True,629.01953125
LanceDB,synthetic_world_state.csv,936,True,630.02734375
LanceDB,synthetic_world_state.csv,937,True,630.046875
LanceDB,synthetic_world_state.csv,938,True,630.0703125
LanceDB,synthetic_world_state.csv,939,True,632.5
LanceDB,synthetic_world_state.csv,940,True,634.34765625
LanceDB,synthetic_world_state.csv,941,True,634.56640625
LanceDB,synthetic_world_state.csv,942,True,637.5625
LanceDB,synthetic_world_state.csv,943,True,637.5859375
LanceDB,synthetic_world_state.csv,944,True,637.58984375
LanceDB,synthetic_world_state.csv,945,True,637.59375
LanceDB,synthetic_world_state.csv,946,True,637.80078125
LanceDB,synthetic_world_state.csv,947,True,639.5078125
LanceDB,synthetic_world_state.csv,948,True,641.28125
LanceDB,synthetic_world_state.csv,949,True,641.5078125
LanceDB,synthetic_world_state.csv,950,True,641.91796875
